train_acc_s0,train_acc_s1,mean_train_acc
0.9329758882522583,0.9714030623435974,0.9521894454956055
0.9904676675796509,1.0,0.9952338337898254
